Usu�rios

fdssf | 41421 | teste@gmail.com
 vxv | 2313 | teste@gmail.com
None | None
231431 | testefd@gmail.com
xczczc | ter@gmail.com | 4231141
None | None
qewqeqweqwe | ter@gmail.com
fsadf | 421414 | teste@gmail.com
fdfasf | teste@gmail.com | 23131
ADM | adm@gmail.com | 00000000000
ADM | adm@gmail.com | 00000000000
adada | 123 | e@gmail
adadaa | adaa | adaad | adada | 123 | 12312 | e@gmail | 123
ada | 123 | e@gmail
ada | adasda | adasda | adasda | 123 | adad | e@gmail | 123
adada | 1231 | e@gmail
adaad | 123 | e@gmail
Tralalero Tralala | 00000000000 | Tralala@gmail.com
Tralala Hotel | São Paulo | Liberdade | Rua Taguá | 220 | 123456789012345 | Tralala.Hotel@gmail.com | 123
empresa tal | sfafasfa | fsafaf | rua teste | 24314 | 415415125 | test23@gmail.com | 1123123
Testedas | 3424324 | testee@gmail.com
qewrq | 24314141 | teste1212@gmail.com
testee | crato | centro | rua tal | 12312 | 241214 | teste123@gmail.com | 123123
TESTE | dsagag | gadgadg | gasg | 123123 | 12414214 | 123123@gmail.com | 123123
123123 | crato | centro | hghghg | 325 | 123123 | testeee@gmail.com | asdasd
123123 | crato | centro | hghghg | 325 | 123123 | testeee@gmail.com | asdasd
123123 | 123123123 | 123123 | 123123 | 123123123 | 123123123 | 1231231232@gmail.com | 123123
testetee | vsbb | bsdfbsb | rua lla | 324524 | 5325325 | yeye@gmail.com | senha123
teste3515 | 31512553 | 531253125 | 53125215 | 325125 | 3551531 | testeteete@gmail.com | 123123
123123123 | 1231321313 | 2132141@gmail.com
hotel teste pix | hotel teste pix | hotel teste pix | hotel teste pix | hotel teste pix | 32231412424 | hotelix@gmail.com | hotel teste pix
parateste | 123 | testeusuario@gmai.com
testehotel | 123 | testehotel@gmail.com
testehotel | asdadsa | adada | adada | 123 | 123 | testehotel@gmail.com | 123
testehotel | asdadsa | adada | adada | 123 | 123 | testehotel@gmail.com | 123
Iruan12 | 6471 | iruan12@gmail.com
teste214 | efdaf | tal bairro | afgag | agagag | 42124142 | tete@gmail.com | 123123123
asdaffdaf | dafafafda | yuyt@gmail.com
bbvb | vbvcvv | bvbvbv | bvvbvbvb | bbbbv | vcvvv | testetee@gmail.com | senha123
fwdd | dddccd | cdcdc | cdsdccd | 8787 | csdcdcd | teee@gmail.com | senha123
12321 | sasda | centro | rua tal  | 321 | 13213312 | testeeee@gmail.com | senha 123
teste | 34344 | testeee@gmail.com
testeee | testeee | centro | rua tal, cada tal  | 12321321 | 1232123 | teste@gmail.com | senha123
fafafaf | testeteeteet | testee | rua tal | 12321 | 1444142 | 12321321@gmail.com | senha123
xczxcxz | cidade tal | bairro tal | dasa | dsasd | 3432424 | test333e@gmail.com | senha123
hhhhj | dhjdjdjd | djdhgfjdj@gmail.com
None | None
None | None
None | None
Tralalero Tralala | 00000000000 | Tralala@gmail.com
Pasárgada Hotel | Crato | Lameiro | Av. José Horácio Pequeno | 0 | 123456789 | pasargada@gmail.com | 123
Hotel Encosta do Horto | Juazeiro do Norte | Centro | CE-060 | 50 | 123131213131231542 | encosta@gmail.com | 123
João Antônio Pereira | 131321415151 | joao@gmail.com
Ana Maria da Conceição | 644646489 | maria@gmail.com
adada | dadada | adada | 1231 | 13132 | 123131 | ada@gmail.com | 123
Nord Luxxor Juazeiro | Juazeiro do Norte | Lagoa Seca | Av. Leão Sampaio | 1623 | 4891747174891 | luxxor@gmail.com | 123
Hotel Gran Marquise | Fortaleza | Mucuripe | Avenida Beira Mar | 3980 | 7371937189312 | marquise@gmail.com | 123
The Chili Beach | Jijoca de Jericoacoara | Centro | Rua da Matriz | 250 | 491789471 | chili@gmail.com | 123
None | None
